Counts,0_none_16_NA_4096_1_0_65536,0_none_1_NA_4096_1_0_65536,0_none_2_NA_4096_1_0_65536,0_none_4_NA_4096_1_0_65536,0_none_64_NA_4096_1_0_65536,0_none_8_NA_4096_1_0_65536,1_augmenting_16_rand_1024_1_0_65536,1_augmenting_16_rand_1048576_1_0_65536,1_augmenting_16_rand_128_1_0_65536,1_augmenting_16_rand_16_1_0_65536,1_augmenting_16_rand_2048_1_0_65536,1_augmenting_16_rand_256_1_0_65536,1_augmenting_16_rand_32_1_0_65536,1_augmenting_16_rand_4096_1_0_65536,1_augmenting_16_rand_4096_1_1024_65536,1_augmenting_16_rand_4096_1_128_65536,1_augmenting_16_rand_4096_1_16_65536,1_augmenting_16_rand_4096_1_256_65536,1_augmenting_16_rand_4096_1_4_65536,1_augmenting_16_rand_4096_1_512_65536,1_augmenting_16_rand_4096_1_64_65536,1_augmenting_16_rand_4096_2_0_65536,1_augmenting_16_rand_4096_3_0_65536,1_augmenting_16_rand_4096_4_0_65536,1_augmenting_16_rand_4096_5_0_65536,1_augmenting_16_rand_4096_6_0_65536,1_augmenting_16_rand_4_1_0_65536,1_augmenting_16_rand_512_1_0_65536,1_augmenting_16_rand_64_1_0_65536,1_augmenting_16_rand_8_1_0_65536,1_augmenting_1_rand_1024_1_0_65536,1_augmenting_1_rand_1048576_1_0_65536,1_augmenting_1_rand_128_1_0_65536,1_augmenting_1_rand_16_1_0_65536,1_augmenting_1_rand_2048_1_0_65536,1_augmenting_1_rand_256_1_0_65536,1_augmenting_1_rand_32_1_0_65536,1_augmenting_1_rand_4096_1_0_65536,1_augmenting_1_rand_4096_1_1024_65536,1_augmenting_1_rand_4096_1_128_65536,1_augmenting_1_rand_4096_1_16_65536,1_augmenting_1_rand_4096_1_256_65536,1_augmenting_1_rand_4096_1_4_65536,1_augmenting_1_rand_4096_1_512_65536,1_augmenting_1_rand_4096_1_64_65536,1_augmenting_1_rand_4096_2_0_65536,1_augmenting_1_rand_4096_3_0_65536,1_augmenting_1_rand_4096_4_0_65536,1_augmenting_1_rand_4096_5_0_65536,1_augmenting_1_rand_4096_6_0_65536,1_augmenting_1_rand_4_1_0_65536,1_augmenting_1_rand_512_1_0_65536,1_augmenting_1_rand_64_1_0_65536,1_augmenting_1_rand_8_1_0_65536,1_augmenting_2_rand_1024_1_0_65536,1_augmenting_2_rand_1048576_1_0_65536,1_augmenting_2_rand_128_1_0_65536,1_augmenting_2_rand_16_1_0_65536,1_augmenting_2_rand_2048_1_0_65536,1_augmenting_2_rand_256_1_0_65536,1_augmenting_2_rand_32_1_0_65536,1_augmenting_2_rand_4096_1_0_65536,1_augmenting_2_rand_4096_1_1024_65536,1_augmenting_2_rand_4096_1_128_65536,1_augmenting_2_rand_4096_1_16_65536,1_augmenting_2_rand_4096_1_256_65536,1_augmenting_2_rand_4096_1_4_65536,1_augmenting_2_rand_4096_1_512_65536,1_augmenting_2_rand_4096_1_64_65536,1_augmenting_2_rand_4096_2_0_65536,1_augmenting_2_rand_4096_3_0_65536,1_augmenting_2_rand_4096_4_0_65536,1_augmenting_2_rand_4096_5_0_65536,1_augmenting_2_rand_4096_6_0_65536,1_augmenting_2_rand_4_1_0_65536,1_augmenting_2_rand_512_1_0_65536,1_augmenting_2_rand_64_1_0_65536,1_augmenting_2_rand_8_1_0_65536,1_augmenting_4_rand_1024_1_0_65536,1_augmenting_4_rand_1048576_1_0_65536,1_augmenting_4_rand_128_1_0_65536,1_augmenting_4_rand_16_1_0_65536,1_augmenting_4_rand_2048_1_0_65536,1_augmenting_4_rand_256_1_0_65536,1_augmenting_4_rand_32_1_0_65536,1_augmenting_4_rand_4096_1_0_65536,1_augmenting_4_rand_4096_1_1024_65536,1_augmenting_4_rand_4096_1_128_65536,1_augmenting_4_rand_4096_1_16_65536,1_augmenting_4_rand_4096_1_256_65536,1_augmenting_4_rand_4096_1_4_65536,1_augmenting_4_rand_4096_1_512_65536,1_augmenting_4_rand_4096_1_64_65536,1_augmenting_4_rand_4096_2_0_65536,1_augmenting_4_rand_4096_3_0_65536,1_augmenting_4_rand_4096_4_0_65536,1_augmenting_4_rand_4096_5_0_65536,1_augmenting_4_rand_4096_6_0_65536,1_augmenting_4_rand_4_1_0_65536,1_augmenting_4_rand_512_1_0_65536,1_augmenting_4_rand_64_1_0_65536,1_augmenting_4_rand_8_1_0_65536,1_augmenting_64_rand_1024_1_0_65536,1_augmenting_64_rand_1048576_1_0_65536,1_augmenting_64_rand_128_1_0_65536,1_augmenting_64_rand_16_1_0_65536,1_augmenting_64_rand_2048_1_0_65536,1_augmenting_64_rand_256_1_0_65536,1_augmenting_64_rand_32_1_0_65536,1_augmenting_64_rand_4096_1_0_65536,1_augmenting_64_rand_4096_1_1024_65536,1_augmenting_64_rand_4096_1_128_65536,1_augmenting_64_rand_4096_1_16_65536,1_augmenting_64_rand_4096_1_256_65536,1_augmenting_64_rand_4096_1_4_65536,1_augmenting_64_rand_4096_1_512_65536,1_augmenting_64_rand_4096_1_64_65536,1_augmenting_64_rand_4096_2_0_65536,1_augmenting_64_rand_4096_3_0_65536,1_augmenting_64_rand_4096_4_0_65536,1_augmenting_64_rand_4096_5_0_65536,1_augmenting_64_rand_4096_6_0_65536,1_augmenting_64_rand_4_1_0_65536,1_augmenting_64_rand_512_1_0_65536,1_augmenting_64_rand_64_1_0_65536,1_augmenting_64_rand_8_1_0_65536,1_augmenting_8_rand_1024_1_0_65536,1_augmenting_8_rand_1048576_1_0_65536,1_augmenting_8_rand_128_1_0_65536,1_augmenting_8_rand_16_1_0_65536,1_augmenting_8_rand_2048_1_0_65536,1_augmenting_8_rand_256_1_0_65536,1_augmenting_8_rand_32_1_0_65536,1_augmenting_8_rand_4096_1_0_65536,1_augmenting_8_rand_4096_1_1024_65536,1_augmenting_8_rand_4096_1_128_65536,1_augmenting_8_rand_4096_1_16_65536,1_augmenting_8_rand_4096_1_256_65536,1_augmenting_8_rand_4096_1_4_65536,1_augmenting_8_rand_4096_1_512_65536,1_augmenting_8_rand_4096_1_64_65536,1_augmenting_8_rand_4096_2_0_65536,1_augmenting_8_rand_4096_3_0_65536,1_augmenting_8_rand_4096_4_0_65536,1_augmenting_8_rand_4096_5_0_65536,1_augmenting_8_rand_4096_6_0_65536,1_augmenting_8_rand_4_1_0_65536,1_augmenting_8_rand_512_1_0_65536,1_augmenting_8_rand_64_1_0_65536,1_augmenting_8_rand_8_1_0_65536,1_if_16_rand_4096_1_0_65536,1_if_16_static_4096_1_0_65536,1_if_1_rand_4096_1_0_65536,1_if_1_static_4096_1_0_65536,1_if_2_rand_4096_1_0_65536,1_if_2_static_4096_1_0_65536,1_if_4_rand_4096_1_0_65536,1_if_4_static_4096_1_0_65536,1_if_64_rand_4096_1_0_65536,1_if_64_static_4096_1_0_65536,1_if_8_rand_4096_1_0_65536,1_if_8_static_4096_1_0_65536,1_of_16_rand_4096_1_0_65536,1_of_16_static_4096_1_0_65536,1_of_1_rand_4096_1_0_65536,1_of_1_static_4096_1_0_65536,1_of_2_rand_4096_1_0_65536,1_of_2_static_4096_1_0_65536,1_of_4_rand_4096_1_0_65536,1_of_4_static_4096_1_0_65536,1_of_64_rand_4096_1_0_65536,1_of_64_static_4096_1_0_65536,1_of_8_rand_4096_1_0_65536,1_of_8_static_4096_1_0_65536,2_if_16_rand_1024_1_0_65536,2_if_16_rand_1048576_1_0_65536,2_if_16_rand_128_1_0_65536,2_if_16_rand_16_1_0_65536,2_if_16_rand_2048_1_0_65536,2_if_16_rand_256_1_0_65536,2_if_16_rand_32_1_0_65536,2_if_16_rand_4096_1_0_65536,2_if_16_rand_4096_1_1024_65536,2_if_16_rand_4096_1_1024_none,2_if_16_rand_4096_1_128_65536,2_if_16_rand_4096_1_16_65536,2_if_16_rand_4096_1_256_65536,2_if_16_rand_4096_1_4_65536,2_if_16_rand_4096_1_512_65536,2_if_16_rand_4096_1_64_65536,2_if_16_rand_4096_2_0_65536,2_if_16_rand_4096_3_0_65536,2_if_16_rand_4096_4_0_65536,2_if_16_rand_4096_5_0_65536,2_if_16_rand_4096_6_0_65536,2_if_16_rand_4_1_0_65536,2_if_16_rand_512_1_0_65536,2_if_16_rand_64_1_0_65536,2_if_16_rand_8_1_0_65536,2_if_16_static_4096_1_0_65536,2_if_1_rand_1024_1_0_65536,2_if_1_rand_1048576_1_0_65536,2_if_1_rand_128_1_0_65536,2_if_1_rand_16_1_0_65536,2_if_1_rand_2048_1_0_65536,2_if_1_rand_256_1_0_65536,2_if_1_rand_32_1_0_65536,2_if_1_rand_4096_1_0_65536,2_if_1_rand_4096_1_1024_65536,2_if_1_rand_4096_1_1024_none,2_if_1_rand_4096_1_128_65536,2_if_1_rand_4096_1_16_65536,2_if_1_rand_4096_1_256_65536,2_if_1_rand_4096_1_4_65536,2_if_1_rand_4096_1_512_65536,2_if_1_rand_4096_1_64_65536,2_if_1_rand_4096_2_0_65536,2_if_1_rand_4096_3_0_65536,2_if_1_rand_4096_4_0_65536,2_if_1_rand_4096_5_0_65536,2_if_1_rand_4096_6_0_65536,2_if_1_rand_4_1_0_65536,2_if_1_rand_512_1_0_65536,2_if_1_rand_64_1_0_65536,2_if_1_rand_8_1_0_65536,2_if_1_static_4096_1_0_65536,2_if_2_rand_1024_1_0_65536,2_if_2_rand_1048576_1_0_65536,2_if_2_rand_128_1_0_65536,2_if_2_rand_16_1_0_65536,2_if_2_rand_2048_1_0_65536,2_if_2_rand_256_1_0_65536,2_if_2_rand_32_1_0_65536,2_if_2_rand_4096_1_0_65536,2_if_2_rand_4096_1_1024_65536,2_if_2_rand_4096_1_1024_none,2_if_2_rand_4096_1_128_65536,2_if_2_rand_4096_1_16_65536,2_if_2_rand_4096_1_256_65536,2_if_2_rand_4096_1_4_65536,2_if_2_rand_4096_1_512_65536,2_if_2_rand_4096_1_64_65536,2_if_2_rand_4096_2_0_65536,2_if_2_rand_4096_3_0_65536,2_if_2_rand_4096_4_0_65536,2_if_2_rand_4096_5_0_65536,2_if_2_rand_4096_6_0_65536,2_if_2_rand_4_1_0_65536,2_if_2_rand_512_1_0_65536,2_if_2_rand_64_1_0_65536,2_if_2_rand_8_1_0_65536,2_if_2_static_4096_1_0_65536,2_if_4_rand_1024_1_0_65536,2_if_4_rand_1048576_1_0_65536,2_if_4_rand_128_1_0_65536,2_if_4_rand_16_1_0_65536,2_if_4_rand_2048_1_0_65536,2_if_4_rand_256_1_0_65536,2_if_4_rand_32_1_0_65536,2_if_4_rand_4096_1_0_65536,2_if_4_rand_4096_1_1024_65536,2_if_4_rand_4096_1_1024_none,2_if_4_rand_4096_1_128_65536,2_if_4_rand_4096_1_16_65536,2_if_4_rand_4096_1_256_65536,2_if_4_rand_4096_1_4_65536,2_if_4_rand_4096_1_512_65536,2_if_4_rand_4096_1_64_65536,2_if_4_rand_4096_2_0_65536,2_if_4_rand_4096_3_0_65536,2_if_4_rand_4096_4_0_65536,2_if_4_rand_4096_5_0_65536,2_if_4_rand_4096_6_0_65536,2_if_4_rand_4_1_0_65536,2_if_4_rand_512_1_0_65536,2_if_4_rand_64_1_0_65536,2_if_4_rand_8_1_0_65536,2_if_4_static_4096_1_0_65536,2_if_64_rand_1024_1_0_65536,2_if_64_rand_1048576_1_0_65536,2_if_64_rand_128_1_0_65536,2_if_64_rand_16_1_0_65536,2_if_64_rand_2048_1_0_65536,2_if_64_rand_256_1_0_65536,2_if_64_rand_32_1_0_65536,2_if_64_rand_4096_1_0_65536,2_if_64_rand_4096_1_1024_65536,2_if_64_rand_4096_1_1024_none,2_if_64_rand_4096_1_128_65536,2_if_64_rand_4096_1_16_65536,2_if_64_rand_4096_1_256_65536,2_if_64_rand_4096_1_4_65536,2_if_64_rand_4096_1_512_65536,2_if_64_rand_4096_1_64_65536,2_if_64_rand_4096_2_0_65536,2_if_64_rand_4096_3_0_65536,2_if_64_rand_4096_4_0_65536,2_if_64_rand_4096_5_0_65536,2_if_64_rand_4096_6_0_65536,2_if_64_rand_4_1_0_65536,2_if_64_rand_512_1_0_65536,2_if_64_rand_64_1_0_65536,2_if_64_rand_8_1_0_65536,2_if_64_static_4096_1_0_65536,2_if_8_rand_1024_1_0_65536,2_if_8_rand_1048576_1_0_65536,2_if_8_rand_128_1_0_65536,2_if_8_rand_16_1_0_65536,2_if_8_rand_2048_1_0_65536,2_if_8_rand_256_1_0_65536,2_if_8_rand_32_1_0_65536,2_if_8_rand_4096_1_0_65536,2_if_8_rand_4096_1_1024_65536,2_if_8_rand_4096_1_1024_none,2_if_8_rand_4096_1_128_65536,2_if_8_rand_4096_1_16_65536,2_if_8_rand_4096_1_256_65536,2_if_8_rand_4096_1_4_65536,2_if_8_rand_4096_1_512_65536,2_if_8_rand_4096_1_64_65536,2_if_8_rand_4096_2_0_65536,2_if_8_rand_4096_3_0_65536,2_if_8_rand_4096_4_0_65536,2_if_8_rand_4096_5_0_65536,2_if_8_rand_4096_6_0_65536,2_if_8_rand_4_1_0_65536,2_if_8_rand_512_1_0_65536,2_if_8_rand_64_1_0_65536,2_if_8_rand_8_1_0_65536,2_if_8_static_4096_1_0_65536,2_of_16_rand_4096_1_0_65536,2_of_16_static_4096_1_0_65536,2_of_1_rand_4096_1_0_65536,2_of_1_static_4096_1_0_65536,2_of_2_rand_4096_1_0_65536,2_of_2_static_4096_1_0_65536,2_of_4_rand_4096_1_0_65536,2_of_4_static_4096_1_0_65536,2_of_64_rand_4096_1_0_65536,2_of_64_static_4096_1_0_65536,2_of_8_rand_4096_1_0_65536,2_of_8_static_4096_1_0_65536,3_if_16_rand_4096_1_0_65536,3_if_16_static_4096_1_0_65536,3_if_1_rand_4096_1_0_65536,3_if_1_static_4096_1_0_65536,3_if_2_rand_4096_1_0_65536,3_if_2_static_4096_1_0_65536,3_if_4_rand_4096_1_0_65536,3_if_4_static_4096_1_0_65536,3_if_64_rand_4096_1_0_65536,3_if_64_static_4096_1_0_65536,3_if_8_rand_4096_1_0_65536,3_if_8_static_4096_1_0_65536,3_of_16_rand_4096_1_0_65536,3_of_16_static_4096_1_0_65536,3_of_1_rand_4096_1_0_65536,3_of_1_static_4096_1_0_65536,3_of_2_rand_4096_1_0_65536,3_of_2_static_4096_1_0_65536,3_of_4_rand_4096_1_0_65536,3_of_4_static_4096_1_0_65536,3_of_64_rand_4096_1_0_65536,3_of_64_static_4096_1_0_65536,3_of_8_rand_4096_1_0_65536,3_of_8_static_4096_1_0_65536,64_if_16_rand_4096_1_0_65536,64_if_16_static_4096_1_0_65536,64_if_1_rand_4096_1_0_65536,64_if_1_static_4096_1_0_65536,64_if_2_rand_4096_1_0_65536,64_if_2_static_4096_1_0_65536,64_if_4_rand_4096_1_0_65536,64_if_4_static_4096_1_0_65536,64_if_64_rand_4096_1_0_65536,64_if_64_static_4096_1_0_65536,64_if_8_rand_4096_1_0_65536,64_if_8_static_4096_1_0_65536,64_of_16_rand_4096_1_0_65536,64_of_16_static_4096_1_0_65536,64_of_1_rand_4096_1_0_65536,64_of_1_static_4096_1_0_65536,64_of_2_rand_4096_1_0_65536,64_of_2_static_4096_1_0_65536,64_of_4_rand_4096_1_0_65536,64_of_4_static_4096_1_0_65536,64_of_64_rand_4096_1_0_65536,64_of_64_static_4096_1_0_65536,64_of_8_rand_4096_1_0_65536,64_of_8_static_4096_1_0_65536
0,8073,129223,8073,8073,8073,8073,21010,24752,15084,14078,22551,17560,13210,23198,21360,11168,2098,16215,1047,19493,6597,28718,34802,41360,48209,55444,16553,19653,12975,15573,129251,129251,129251,129251,129251,129251,129251,129251,142786,219886,489311,179733,946752,155764,279948,255132,381013,506894,632805,758617,129251,129251,129251,129251,22242,22367,21847,22314,22304,21938,21962,22300,24013,33509,2095,28774,1047,25681,41084,69834,121216,173915,228831,282214,22636,22174,21926,22586,10978,11210,10788,11976,11174,10813,11317,11238,10959,9649,2097,10421,1047,10603,8006,21054,35623,54206,75357,97689,14497,10888,10936,13708,23457,29287,14990,14078,25603,18456,13230,26774,25240,11821,2103,18754,1048,23403,6716,31364,36895,43426,49956,57213,16553,21768,13109,15573,15835,17189,13733,14151,16196,14584,13012,16757,15506,10082,2098,12679,1047,14605,6749,23095,29997,37840,47434,56524,16455,15238,12680,15675,29014,58019,129251,129530,23785,23067,12505,16243,33488,96182,19035,29596,27555,49580,129251,129530,20988,22431,11447,14619,32657,84138,18207,26028,21591,26182,14996,14133,22946,18101,13492,24038,22238,7,12045,2103,17310,1050,20462,6712,29116,35351,41915,48645,56251,15735,20024,13006,15183,32893,129265,129265,129265,129265,129265,129265,129265,129265,142803,125009,219884,489311,179736,946752,155777,279938,255131,381038,506866,632813,758617,129265,129265,129265,129265,129530,23188,23555,22947,23323,23310,22874,23139,23158,25023,7,33754,2094,29253,1046,26498,40931,72609,126551,180023,235595,291886,23665,23165,22850,23506,24541,11305,11581,11228,12107,11496,11166,11648,11723,11352,7,9810,2093,10670,1048,11173,8331,22035,37998,58172,80027,103864,13491,11326,11309,12880,13599,23693,30981,15448,14133,25540,18105,13225,27308,25861,7,12516,2106,19844,1051,24461,6873,31950,38061,44533,50821,58354,15735,21457,13504,15183,48414,16064,18036,14175,14119,16797,14929,13222,17032,16068,7,10422,2099,13227,1045,14851,6928,23707,30878,39058,49323,59260,15567,15745,12750,15290,21113,23991,33059,129265,129530,22975,24118,11349,13782,26678,48456,16792,21472,24322,31904,129252,129530,23481,24541,11736,13590,27071,45807,17372,21054,23548,32189,129252,129530,23069,24130,11412,13746,26856,47092,16690,21360,24352,31951,129234,129530,23372,24541,11595,13590,27208,45868,17279,21049,23338,32205,129234,129530,23091,24130,11359,13746,26756,46928,16832,21361
1,20,20,20,20,20,20,8879,9401,7532,13034,8940,8161,10623,8978,8321,3270,55484,5871,277879,7633,3287,9700,10453,11260,11870,12537,16427,8456,8675,15546,92028,92028,92028,92028,92028,92028,92028,92028,95560,112687,55484,104279,277878,98764,121701,92028,92028,92028,92028,92028,92028,92028,92028,92028,41501,41478,41485,41627,41457,41450,41735,41669,43831,55589,55484,49920,277879,46260,61184,48653,52523,56246,59778,63190,41693,41420,41516,41652,11470,11883,11889,14364,11642,11555,13025,11533,12251,15511,55484,14119,277879,12967,15669,17933,23465,27577,30574,33448,17262,11521,12075,16192,9197,10091,7771,13034,9683,8228,10587,9890,8964,2741,55484,5493,277879,8004,3248,10143,10616,11194,11813,12482,16427,8929,8779,15546,8634,9468,8475,13015,8890,8497,10830,9244,8956,6291,55484,7971,277879,8809,5233,10709,12108,13412,14897,16689,16511,8451,8767,15509,6929,19186,92028,92028,44004,49218,12311,22600,7258,21959,8180,19768,11998,17145,92028,92028,44925,47816,15451,19530,12255,21149,12326,17098,7161,7847,6915,12175,7082,6796,9913,7242,7026,0,3068,55484,5318,277879,6493,3072,8140,8799,9356,10209,11003,14847,7054,8004,13894,10103,92028,92028,92028,92028,92028,92028,92028,92028,95560,0,112687,55484,104279,277878,98764,121701,92028,92028,92028,92028,92028,92028,92028,92028,92028,92028,41406,41666,41797,41946,41738,41694,41544,41745,43798,0,55032,55484,49813,277879,46010,60654,48102,51685,55220,57554,60137,41548,41329,41904,41684,43872,10876,11354,11168,13546,11180,10965,12295,10965,11806,0,15404,55484,13905,277879,12905,15906,17827,23151,26954,29741,32060,15569,10861,11706,14750,14387,7555,7893,7030,12175,7626,7036,10061,7731,7323,0,2659,55484,4939,277879,6436,3018,8223,8632,9489,10055,10803,14847,7450,7983,13894,12974,7427,8239,7429,11960,7391,7223,10204,7797,7754,0,6274,55484,7396,277879,7834,5278,9769,11026,12591,14586,16119,14900,7196,8114,13760,10565,8274,10289,92028,92028,40464,43645,10718,14620,8910,12793,8210,11198,7448,9566,92028,92028,41572,43872,11146,14485,8036,11449,7888,10459,7840,9641,92028,92028,40311,43632,10716,14539,8413,11863,7961,10908,7591,9597,92028,92028,41510,43872,11194,14486,8057,11374,7931,10456,7698,9665,92028,92028,40024,43632,10824,14539,8423,11808,8086,10905
2,40,40,40,40,40,40,6289,6581,6948,13206,6334,6377,11051,6449,6009,2985,75672,4138,355346,5330,8199,6796,7149,7512,7901,8588,15702,6114,8712,14848,40368,40368,40368,40368,40368,40368,40368,40368,43400,59926,75672,51702,355345,46236,69366,40368,40368,40368,40368,40368,40368,40368,40368,40368,31206,31400,31369,31422,31063,31383,31392,31328,33065,41427,75672,37069,355346,34393,48318,30913,31890,32979,33227,34028,31416,31267,31285,31438,12354,12211,12410,14282,12220,12547,13341,12183,12890,17462,75672,15306,355346,13732,20450,15282,17600,18905,19919,21165,16314,12353,12682,15494,6654,6851,6893,13206,6793,6393,11044,6642,5903,2530,75672,3329,355346,4986,8133,6746,6970,7317,7590,8172,15702,6375,8528,14848,7363,7528,7534,13313,7346,7186,10863,7314,7548,7129,75672,7237,355346,7272,10390,8231,9209,9952,11012,11777,15708,7088,8867,14902,6384,19229,40368,40368,32133,37968,15143,26222,6128,19681,8616,21202,9491,16053,40368,40368,33417,34405,16357,20986,9323,17823,11446,16644,5083,5238,6198,12163,5001,5352,10517,5149,4872,0,3047,75672,3803,355346,4621,7529,5391,5847,6335,6779,7305,14328,5196,7959,13871,8552,40368,40368,40368,40368,40368,40368,40368,40368,43400,0,59926,75672,51702,355345,46236,69366,40368,40368,40368,40368,40368,40368,40368,40368,40368,40368,30820,30564,30574,30775,30678,30785,30883,30538,32578,0,42072,75672,37188,355346,34336,48872,30050,30776,31677,32471,32954,30620,30922,30608,30616,31327,12022,12138,12282,13704,12048,12269,12952,11903,12952,0,17378,75672,15403,355346,13899,20969,15076,17128,18481,19560,20552,15362,12292,12370,14637,15155,5292,5154,6184,12163,5119,5648,10329,5038,4755,0,2289,75672,3087,355346,4178,7628,5254,5704,6134,6585,7022,14328,5169,8011,13871,10148,6086,6621,6808,12387,6295,6168,10126,6439,6793,0,7190,75672,7116,355346,6846,10124,7433,8579,9230,10366,11360,14429,6144,8042,13688,9530,5835,8501,40368,40368,29888,31086,11455,15592,5967,9680,6519,9985,5090,7307,40368,40368,30771,31327,12192,15100,5282,8347,6501,9240,5350,7835,40368,40368,29715,31048,11288,15479,5335,8884,6375,9631,5071,7298,40368,40368,30674,31327,11996,15099,5224,8221,6524,9231,5280,7832,40368,40368,30072,31048,11164,15479,5563,8846,6345,9631
3,26,26,26,26,26,26,5403,5475,6849,12763,5529,5853,10896,5510,5105,4678,84113,3862,240729,4628,15329,5825,6090,6452,6700,6921,14677,5575,8781,14042,29710,29710,29710,29710,29710,29710,29710,29710,32756,46210,84112,39842,240727,35344,52624,29710,29710,29710,29710,29710,29710,29710,29710,29710,23945,23822,23696,23763,23680,23668,23830,23675,24789,34031,84113,28290,240729,25761,43708,24356,24964,25140,25555,26009,23678,23839,23815,23672,11460,11336,11716,13540,11430,11857,12528,11429,12580,18649,84113,15297,240729,13637,25210,12559,13910,15044,16490,16984,14930,11704,12037,14616,5610,5325,6936,12763,5375,5937,10980,5406,4787,4175,84113,2859,240729,3907,15373,5485,5743,6064,6240,6626,14677,5619,8759,14042,6507,6784,7312,12814,6650,6784,10965,6526,6796,9006,84113,7809,240729,7037,17206,7363,7946,8681,9263,10044,14682,6747,8904,14117,6505,19703,29710,29710,26358,30592,15457,25277,5890,19568,8838,21376,8854,15216,29710,29710,26625,27898,16205,19431,8485,16096,10882,15538,4569,4619,6250,12250,4378,5129,10459,4302,4168,0,4301,84113,3771,240729,4167,14502,4692,5131,5327,5759,6073,13909,4701,8307,13334,8035,29710,29710,29710,29710,29710,29710,29710,29710,32756,0,46210,84112,39842,240727,35344,52624,29710,29710,29710,29710,29710,29710,29710,29710,29710,29710,24932,24745,24825,24731,24730,24882,24797,24766,25863,0,34679,84113,29109,240729,26995,44316,25172,25607,25936,26362,26343,24851,24768,24920,24975,26078,11848,11658,12348,13426,11799,12091,12907,11771,12559,0,19190,84113,15504,240729,13826,25817,13400,14558,15314,16069,16836,14671,11846,12432,14198,14567,4570,4023,6219,12250,4208,5181,10452,4125,3867,0,3517,84113,2669,240729,3499,14447,4474,4782,5023,5151,5744,13909,4790,8264,13334,9027,5905,6126,6678,12327,5965,6223,10686,5892,6482,0,9329,84113,7731,240729,7038,16713,6899,7715,8439,9134,9908,13946,5937,8373,13565,9094,4713,7862,29710,29710,24232,25673,11043,14321,4862,8426,5926,9377,4427,6722,29710,29710,24877,26078,11697,14380,4335,7147,6100,8722,4423,7229,29710,29710,24151,25675,10998,14266,4510,7544,5913,9244,4405,6747,29710,29710,24697,26078,11976,14380,4252,7079,5965,8718,4384,7203,29710,29710,24051,25675,10994,14266,4483,7565,5991,9247
4,20,20,20,20,20,20,5253,5115,8066,14204,5011,6226,12464,4955,4652,7981,81641,4389,72314,4471,23710,5299,5611,5852,6176,6547,16008,5597,10324,15407,48953,48953,48953,48953,48953,48953,48953,48953,48485,46009,81641,47181,72314,48075,46109,48953,48953,48953,48953,48953,48953,48953,48953,48953,15521,15455,16031,16171,15489,15849,16037,15237,17802,32181,81641,24654,72314,20016,42025,18913,21788,24589,26330,28833,16256,15445,16088,16361,11665,11570,12492,14605,11620,11918,13233,11436,12588,20751,81641,15933,72314,13716,30359,13243,14887,16003,17661,18932,16446,11757,12817,16157,5159,4576,8043,14204,4969,6584,12592,4746,4193,7533,81641,3282,72314,3569,23494,4807,5198,5385,5798,6117,16008,5495,10277,15407,6587,6445,8254,14016,6368,7504,12567,6481,6886,12531,81641,8791,72314,7489,24811,7227,8041,8682,9642,10626,15876,6790,10096,15453,7037,20426,48953,48953,21608,25444,15775,24709,6051,19808,10088,22305,9196,15056,48953,48953,21832,21622,16299,18382,8218,15285,11323,15301,4406,4188,7334,14172,4222,5658,12411,4114,4225,0,7286,81641,4318,72314,4192,22807,4562,4853,5289,5500,5981,16033,4774,9995,15400,8040,48953,48953,48953,48953,48953,48953,48953,48953,48485,0,46009,81641,47181,72314,48075,46109,48953,48953,48953,48953,48953,48953,48953,48953,48953,48953,17273,17250,17677,18026,17269,17514,18152,17332,19352,0,32477,81641,25677,72314,21365,42723,20318,22339,24543,26465,27881,18256,17558,17889,17926,17917,11668,11294,12229,14564,11322,11994,13204,11219,12727,0,21381,81641,16455,72314,14033,30968,12717,14106,15508,17039,18282,16297,11702,12708,15810,13826,4386,3678,7636,14172,4127,5776,12428,3969,3716,0,6306,81641,3019,72314,3343,22554,4002,4293,4638,5057,5516,16033,4901,9991,15400,8503,6228,6283,7808,14215,6167,7047,12458,6214,6737,0,12826,81641,9072,72314,7493,24349,7006,7703,8699,9702,10472,15909,6496,9872,15467,9342,4447,7536,48953,48953,16741,17576,10811,13552,4328,7679,6099,9294,4140,6663,48953,48953,17181,17917,11477,13718,3878,6815,6061,8786,4274,7051,48953,48953,17130,17567,10801,13459,4088,6888,6003,9261,4129,6634,48953,48953,17469,17917,11294,13718,3828,6741,6201,8784,4345,7056,48953,48953,16890,17567,10865,13459,4034,6881,6001,9261
5,32,32,32,32,32,32,5092,4695,8824,15253,4915,6751,13902,4803,4753,12403,68975,5700,0,4900,31007,4972,5370,5533,5922,6236,16808,5643,11767,16520,37909,37909,37909,37909,37909,37909,37909,37909,37165,35562,68974,35670,0,36501,38740,37909,37909,37909,37909,37909,37909,37909,37909,37909,16267,16199,16790,17045,16233,16698,16957,16309,19028,32055,68975,26223,0,21892,39758,18768,20706,22155,23458,24883,17232,16499,16918,17088,12246,12261,12955,15640,12225,12776,14165,12425,13332,23498,68975,17597,0,14807,34766,14234,15299,16066,16669,17589,17276,12315,13404,16707,4959,4224,8984,15253,4544,6766,13782,4391,3981,11854,68975,4284,0,3607,31131,4483,4706,4997,5399,5788,16808,5630,11618,16520,6974,6539,8866,15366,6707,7634,13767,6619,7651,16871,68975,10984,0,8507,31842,7464,8035,9123,10003,10501,16776,7144,11377,16219,8016,21390,37909,37909,18112,22332,16630,23921,6662,20459,11388,22786,9731,14520,37909,37909,19884,18989,16894,18006,8678,14300,12351,15493,4532,4309,8139,15295,4280,6068,13912,4138,4550,0,11281,68975,5400,0,4697,30881,4522,4731,5154,5549,5708,16709,5022,11214,16376,7947,37909,37909,37909,37909,37909,37909,37909,37909,37165,0,35562,68974,35670,0,36501,38740,37909,37909,37909,37909,37909,37909,37909,37909,37909,37909,15349,15123,15871,16079,15291,15787,15957,15168,18456,0,32623,68975,25905,0,21408,40605,17645,19085,20638,21565,22973,16248,15408,15995,16184,16339,12311,12223,12977,15289,12161,12709,14212,12310,13973,0,24555,68975,18527,0,15430,35539,13640,14496,15155,16349,17070,17084,12507,13369,16515,14298,4423,3337,8368,15295,3936,6352,13646,3694,3593,0,10556,68975,3696,0,3506,30773,3933,4124,4575,4818,5278,16709,5165,11176,16376,7839,6686,6685,8757,15295,6548,7382,13767,6571,7541,0,17075,68975,11284,0,8783,31926,7459,8295,9075,10059,10692,16838,6721,11065,16156,9684,4710,7612,37909,37909,15578,15855,11700,14161,4343,7128,6403,9575,4180,6663,37909,37909,15285,16339,12197,14240,3664,6292,6669,9268,4325,7190,37909,37909,15554,15863,11741,14168,3779,6652,6311,9304,4171,6618,37909,37909,15507,16339,11990,14240,3786,6167,6632,9272,4258,7177,37909,37909,15552,15863,11690,14168,3919,6651,6229,9302
6,32,32,32,32,32,32,5095,4816,8647,14462,4836,6682,13196,4729,5057,17319,51450,7965,0,5516,36250,5060,5035,5373,5647,5820,15376,5635,11196,14859,10100,10100,10100,10100,10100,10100,10100,10100,11830,23502,51450,17258,0,13794,33182,10100,10100,10100,10100,10100,10100,10100,10100,10100,21182,21182,21116,20929,21122,21183,21234,21240,22287,28893,51450,25398,0,23390,36157,20046,19054,18168,17585,16833,20960,21237,21163,21059,11240,11122,11421,13772,11314,11222,12569,11378,12974,25690,51450,18812,0,14917,37389,12228,12203,12378,12914,12795,15307,11303,11838,14908,4784,3821,8735,14462,4282,6795,13159,4139,3846,16926,51450,6266,0,3931,36010,4258,4473,4756,4896,5258,15376,5668,11441,14859,7085,7110,8745,14259,7199,7861,12932,7162,8536,20952,51450,13025,0,10025,36456,7921,8176,8539,9220,9797,15458,7200,11267,15076,9322,22248,10100,10100,19918,21771,16805,21387,7774,21714,12854,22254,10740,13795,10100,10100,20319,21091,16752,16390,9352,13223,13449,14883,4548,4636,8413,14131,4368,6148,13020,4425,4815,0,16513,51450,7608,0,5372,36499,4680,4680,5079,5269,5624,15090,5121,11122,14694,7933,10100,10100,10100,10100,10100,10100,10100,10100,11830,0,23502,51450,17258,0,13794,33182,10100,10100,10100,10100,10100,10100,10100,10100,10100,10100,18798,18978,18939,18818,19021,18741,18639,19057,20963,0,29783,51450,25310,0,22365,36998,18243,17494,16884,16486,16056,18871,19149,18952,18776,20406,12731,12525,12942,14529,12717,12801,13612,12741,14508,0,27062,51450,19985,0,16458,38586,13376,13279,13098,13160,13403,15254,12492,13225,14980,13840,4444,3365,8363,14131,3955,6389,13071,3727,3777,0,15764,51450,5366,0,3856,36987,3750,4135,4249,4640,4859,15090,4990,11248,14694,7211,7073,7397,8455,14132,7095,7625,12878,7225,8675,0,21574,51450,13723,0,10322,37332,7826,8296,8721,9182,9343,14891,7296,10902,14741,10293,4682,7330,10100,10100,19136,20613,12583,13467,4141,6441,7101,10068,4246,6879,10100,10100,18932,20406,12720,13741,3666,5959,7285,9797,4419,6942,10100,10100,19161,20619,12295,13449,3837,6133,6920,9911,4297,6853,10100,10100,18825,20406,12697,13741,3523,5964,7175,9817,4399,6941,10100,10100,19222,20619,12386,13449,3888,6125,7152,9909
7,36,36,36,36,36,36,5264,4933,8453,12875,4863,6640,11962,4858,5438,22317,33942,10832,0,6492,37811,5001,5185,5246,5425,5725,13525,5708,10477,13227,2064,2064,2064,2064,2064,2064,2064,2064,4820,20340,33941,12690,0,7598,29734,2064,2064,2064,2064,2064,2064,2064,2064,2064,18631,18577,18308,18131,18442,18235,17993,18487,18993,25197,33942,21063,0,19398,32410,16874,15398,14168,13132,11844,18083,18348,18048,18156,10996,10844,10919,12478,10818,10897,11422,11038,13521,26777,33942,19637,0,15522,37296,10252,10301,10934,11080,11166,13371,11084,10961,12993,4782,3517,8531,12875,4413,6794,11986,3928,4136,21728,33942,9000,0,4709,37844,4158,4372,4567,4884,5210,13525,5576,10575,13227,7637,8391,8688,12631,7855,7857,12146,8120,9472,24129,33942,15358,0,11263,37615,8347,8461,8684,9065,9148,13531,7511,10331,13391,12526,24824,2064,2064,19330,16951,17830,19066,10782,25952,15986,21651,13345,12793,2064,2064,18356,17317,17293,14481,11591,12107,15533,14095,4944,5046,8545,13039,4833,6514,12372,4607,5566,0,22251,33942,10271,0,6449,39293,4784,4984,5272,5501,5667,13582,5534,10756,13390,7895,2064,2064,2064,2064,2064,2064,2064,2064,4820,0,20340,33941,12690,0,7598,29734,2064,2064,2064,2064,2064,2064,2064,2064,2064,2064,18741,18733,18356,18300,18525,18450,18341,18552,19289,0,26285,33942,22203,0,20274,33110,17055,16158,14810,13944,13054,18163,18293,18275,18411,18269,11957,12309,11895,12958,12228,11946,12340,12263,14619,0,28444,33942,20997,0,16746,38283,11417,11205,11310,11357,11287,13503,12160,12225,13585,12603,4679,3207,8407,13039,4193,6643,12485,3825,4222,0,21464,33942,7836,0,4608,38945,3978,4222,4469,4725,5091,13582,5517,10923,13390,6922,7759,8408,8787,13216,7809,8005,12354,7949,9911,0,25519,33942,16559,0,12078,38995,8306,8569,8727,9046,9092,13521,7877,10754,13261,10509,5113,7238,2064,2064,18749,18570,12175,12255,4267,6391,8131,10345,4619,7119,2064,2064,18741,18269,12115,12523,3674,5923,8176,10290,4695,6875,2064,2064,18751,18562,12275,12317,3985,5927,7913,10354,4519,7104,2064,2064,18413,18269,12192,12523,3675,5876,8161,10273,4803,6878,2064,2064,18775,18562,12041,12317,3995,5924,8156,10357
8,28,28,28,28,28,28,5601,5200,8710,12412,5454,7113,11866,5447,6554,25770,20168,13901,0,8432,35688,5411,5654,5852,6050,6475,13168,6147,10552,13091,7608,7608,7608,7608,7608,7608,7608,7608,9668,20040,20168,15188,0,11564,25226,7608,7608,7608,7608,7608,7608,7608,7608,7608,11670,11764,11618,11654,11997,11722,11637,11838,13415,22647,20168,18221,0,15050,27841,11282,10846,10626,10417,10201,11671,11632,11637,11566,13023,13053,12483,13250,13117,12559,12898,12916,14985,26453,20168,20469,0,16802,33300,12448,12284,12549,12342,12448,13318,12761,12664,13333,5435,3821,8812,12412,4752,7278,11732,4330,4929,25615,20168,12481,0,6547,35649,4503,4734,5169,5421,5784,13168,6080,10356,13091,8499,9225,8938,12714,8759,8434,11706,9053,10823,26581,20168,17614,0,13134,35350,9081,9091,9239,9376,9453,13182,8327,10389,13051,21974,31931,7608,7608,17477,14739,22518,21175,20556,34492,23773,26098,19714,13400,7608,7608,16403,12708,21251,15144,18842,13240,21697,14459,6142,5982,9789,14357,5694,7770,13599,5634,7121,0,27551,20168,14326,0,8892,37483,6028,6114,6181,6711,6914,14803,6743,12015,14766,8294,7608,7608,7608,7608,7608,7608,7608,7608,9668,0,20040,20168,15188,0,11564,25226,7608,7608,7608,7608,7608,7608,7608,7608,7608,7608,15111,15226,15083,15012,15272,14902,14930,15142,16126,0,23760,20168,20149,0,17475,28144,14387,13820,13332,12965,12648,14970,15147,14946,14863,12401,13560,13893,13194,14332,13636,13529,13727,13652,16203,0,28294,20168,22628,0,18428,34442,12865,12553,13183,13140,13168,14608,13554,13522,14457,13393,5744,4054,9952,14357,5025,7820,13700,4570,5356,0,27145,20168,11557,0,6430,37370,4836,5136,5511,5923,6195,14803,6559,11942,14766,7261,9328,10347,10294,14262,9568,9533,13564,9522,12337,0,28829,20168,19955,0,14841,36790,9960,9969,10208,10291,10237,14944,9443,12077,14588,11178,6133,7634,7608,7608,15062,12369,13905,13198,5154,6457,9863,10850,5610,7410,7608,7608,15085,12401,13778,13380,4519,6479,9938,10893,5853,7277,7608,7608,14995,12367,13884,13165,4752,6297,9692,10830,5685,7421,7608,7608,15192,12401,13638,13380,4583,6455,10006,10914,5715,7274,7608,7608,15037,12367,13993,13165,4711,6291,9850,10826
9,36,36,36,36,36,36,7603,6823,11391,16902,7072,9214,15505,7052,8713,27980,10125,17978,0,11495,30322,7177,7555,7886,8122,8511,17914,8135,13719,17660,23244,23244,23244,23244,23244,23244,23244,23244,23044,21938,10124,22330,0,22850,20984,23244,23244,23244,23244,23244,23244,23244,23244,23244,16140,16112,16114,16182,16140,16118,16272,16146,17771,23312,10125,21199,0,19405,23296,16880,17473,18010,18471,18871,16301,16155,16180,16312,16400,16312,16531,17262,16185,16347,16718,16424,17937,26176,10125,22344,0,19536,27856,16972,17238,17316,17405,17809,18014,16311,16518,17844,7115,4737,11214,16902,6246,9633,15525,5694,6914,28184,10125,16973,0,9589,30618,5987,6291,6821,7327,7745,17914,8108,13576,17660,10879,11284,11497,16997,10853,10858,15526,11086,13530,27349,10125,20704,0,15765,29865,11285,11674,11917,12269,12618,18012,10646,13602,17521,39269,39621,23244,23244,27233,26065,34463,31854,39414,41477,37937,35373,34259,21029,23244,23244,25967,21606,32239,22860,34398,21544,34221,21506,9689,9108,14823,21302,9094,12190,20199,8936,11061,0,31656,10125,21204,0,14082,32196,9355,9528,10118,10592,11094,22235,10355,17986,21960,10313,23244,23244,23244,23244,23244,23244,23244,23244,23044,0,21938,10124,22330,0,22850,20984,23244,23244,23244,23244,23244,23244,23244,23244,23244,23244,20943,20929,20674,20842,20835,20982,21065,20883,21941,0,24107,10125,23486,0,22720,23269,21036,21205,21619,21446,21749,21010,20860,20808,21010,17994,21057,20878,20984,21967,21281,20829,21217,21058,22641,0,28555,10125,26478,0,24243,28297,21364,21344,21608,21907,21909,22551,20806,21044,22436,18088,9070,6267,15116,21302,7959,12129,20272,7314,8446,0,31650,10125,18140,0,10569,32492,7633,8063,8873,9416,9900,22235,10328,18087,21960,9418,14712,15455,15735,21491,14945,14763,20130,14979,17762,0,30897,10125,25199,0,20645,31128,15373,15625,15694,16100,16335,22245,14304,18143,22093,14049,9073,9471,23244,23244,20690,17832,20621,17681,7707,8598,14442,13173,8762,9544,23244,23244,20927,17994,21074,18009,7016,8422,15129,13831,8752,9059,23244,23244,20691,17817,20634,17657,7196,8328,14411,13145,8728,9560,23244,23244,21021,17994,21307,18009,7113,8480,15184,13828,8832,9080,23244,23244,20685,17817,20606,17657,7183,8320,14850,13147
10,32,32,32,32,32,32,11148,10043,17241,25191,10611,13993,23639,10169,13155,29175,4478,23197,0,16630,24406,10713,11182,11702,12359,12817,26811,11985,20772,26197,38044,38044,38044,38044,38044,38044,38044,38044,35818,24438,4478,30100,0,33782,17036,38044,38044,38044,38044,38044,38044,38044,38044,38044,30146,30218,30514,30587,30147,30502,30419,30261,29945,25264,4478,28223,0,29463,18943,31016,31652,32260,32735,33418,30489,30301,30462,30440,22974,22753,23130,25314,22915,23087,24101,22719,24418,27135,4478,26853,0,25613,22291,23896,24583,25677,26432,26669,26860,23002,23597,26417,10428,6966,17657,25191,9331,14245,23542,8339,10737,29610,4478,22417,0,14467,24437,8857,9595,10112,10863,11721,26811,12037,20890,26197,16103,16328,17648,25015,16155,16612,23481,16420,18957,28235,4478,25528,0,21563,24084,17036,17650,18297,19339,19588,26534,16141,20979,26098,51523,37943,38044,38044,38544,38482,43268,39084,52524,37540,47390,39107,47412,36541,38044,38044,38246,36539,42251,36419,48320,37395,45153,35990,17556,16827,25786,33418,16879,21637,32239,16613,19863,0,34973,4478,30417,0,23541,25239,17304,17604,18508,19079,19764,34475,18916,30005,33828,16920,38044,38044,38044,38044,38044,38044,38044,38044,35818,0,24438,4478,30100,0,33782,17036,38044,38044,38044,38044,38044,38044,38044,38044,38044,38044,35108,35254,35360,35243,35273,35468,35342,35290,33988,0,26000,4478,30323,0,32652,18634,35508,35474,35711,35993,36130,35273,35318,35423,35212,33267,33932,33909,34180,34245,33975,34070,34302,33901,33872,0,29600,4478,32429,0,33918,22354,34319,34787,34736,34731,34735,34582,34017,34037,34756,28178,16310,11211,25618,33418,14638,21862,32343,13274,15513,0,35550,4478,28650,0,18846,25061,14001,14957,15735,16703,17831,34475,18714,29845,33828,15393,25877,26670,27293,33413,26177,25980,32376,26330,28493,0,32915,4478,33219,0,30700,24634,26806,27405,27410,28317,28455,33991,25644,29713,33944,22844,16314,15075,38044,38044,34985,32905,32541,27092,13209,13184,24760,21437,16157,15077,38044,38044,35408,33267,33835,27804,12744,13452,26036,22100,15130,14649,38044,38044,34920,32902,32154,27038,12329,12753,24116,21278,16007,15040,38044,38044,35079,33267,33871,27804,12860,13386,26077,22109,15123,14644,38044,38044,34774,32902,32251,27038,12351,12753,24360,21275
11,32,32,32,32,32,32,16587,15040,23765,30930,15650,20043,29900,15546,19479,28982,1676,28691,0,23181,17991,15894,16477,17145,17653,18553,31743,17710,27967,31301,33828,33828,33828,33828,33828,33828,33828,33828,31878,19799,1676,25915,0,29776,11895,33828,33828,33828,33828,33828,33828,33828,33828,33828,36481,36601,36398,36313,36560,36317,36378,36282,34421,22248,1676,28340,0,32362,13450,36312,36085,35947,35664,35382,36542,36518,36293,36594,31144,31595,31192,32099,31323,31301,31854,31386,31514,25219,1676,29869,0,31405,15997,31709,32319,32615,32820,33138,32414,31231,31384,32225,15244,10318,23848,30930,13681,20319,30243,12218,16208,29036,1676,28470,0,20733,17840,12828,13915,14895,15621,16736,31743,17347,27993,31301,23498,24327,25043,31042,24006,23988,30159,23869,26141,27621,1676,29810,0,28372,17461,24712,25422,25806,26609,27151,31832,23410,27966,31535,40019,23836,33828,33828,33369,32187,34555,29641,41884,22097,37152,27496,40738,42931,33828,33828,33625,36214,35269,39101,42205,43163,38163,41347,30008,29015,36656,38584,28987,32974,39243,28914,32731,0,33035,1676,38907,0,35876,17691,29391,29630,30660,30914,31631,37889,30628,39006,38225,28117,33828,33828,33828,33828,33828,33828,33828,33828,31878,0,19799,1676,25915,0,29776,11895,33828,33828,33828,33828,33828,33828,33828,33828,33828,33828,37216,37261,37438,37477,37275,37263,37348,37323,34907,0,21660,1676,28299,0,32772,12987,37158,36945,36685,36388,36058,37457,37328,37153,37359,37388,40925,41031,40633,39539,40944,40693,40321,41222,39221,0,25610,1676,32976,0,36662,15483,40594,40338,39740,39412,39354,38620,41030,40512,38862,37709,27442,20186,36888,38584,25350,33249,39096,23768,26855,0,33687,1676,38418,0,31444,17757,24375,25311,26577,27617,28952,37889,30460,39032,38225,26090,38765,39144,38809,38660,39006,38769,39527,38891,39383,0,29545,1676,36567,0,39060,17353,39347,38778,39080,38889,39206,38088,38635,39454,38403,34106,27217,23730,33828,33828,37387,37399,40051,36511,22570,21330,36827,32127,27027,23577,33828,33828,37218,37388,40742,37397,21698,21037,38401,32289,25099,22718,33828,33828,37185,37391,39852,36356,20110,19848,36041,31537,27128,23541,33828,33828,37518,37388,40918,37397,21222,20921,38503,32285,25151,22723,33828,33828,37390,37391,39744,36356,20131,19835,36169,31541
12,20,20,20,20,20,20,23153,21718,28422,29125,22606,25792,30092,22368,26788,24014,472,31136,0,29380,10737,22787,22985,23478,24026,24087,27855,24141,29829,28457,16424,16424,16424,16424,16424,16424,16424,16424,15502,10226,472,13008,0,14608,6338,16424,16424,16424,16424,16424,16424,16424,16424,16424,26275,26194,26248,26138,26164,26213,26147,26487,24171,13428,472,18686,0,21872,7608,25291,24590,23699,23153,22529,25828,26358,26384,25825,33335,33131,33011,30403,33375,32785,31626,32973,31369,17941,472,25138,0,29119,9411,32358,31190,30469,29965,29286,28597,33062,32376,29001,21336,15395,28342,29125,19525,25579,29810,18216,23271,24193,472,31418,0,27928,10832,18778,19599,20548,21674,22421,27855,23264,29767,28457,30297,30570,29969,28867,30587,29923,29828,30898,31522,21724,472,28910,0,30926,10614,30786,30489,30869,30215,30367,27927,29942,30310,28386,17383,8929,16424,16424,15742,14879,15259,12833,18416,8076,16204,10930,19898,27781,16424,16424,16233,19513,16678,23668,20532,26866,18153,26697,39931,39319,37778,29008,40302,39691,30941,40484,41112,0,22702,472,35539,0,40580,9500,39823,40170,39817,39823,39393,26862,40225,34208,27725,38544,16424,16424,16424,16424,16424,16424,16424,16424,15502,0,10226,472,13008,0,14608,6338,16424,16424,16424,16424,16424,16424,16424,16424,16424,16424,21993,21934,21787,21604,21954,21772,21535,21911,20241,0,11878,472,15946,0,18479,7001,21373,21025,20556,20458,20092,21432,21803,21807,21580,23941,31108,30945,30779,28221,30738,30893,29494,30940,27919,0,15267,472,21393,0,25582,8172,30107,28918,28205,27396,26758,26609,30954,30337,26934,32717,38041,33714,37706,29008,37108,39111,30980,35823,38946,0,22942,472,38926,0,40993,9441,36489,36773,37136,37498,38063,26862,38801,34254,27725,38075,40190,39626,38061,28757,39607,39531,30921,40129,37219,0,19139,472,28046,0,33698,9373,38904,38401,37452,36747,35925,27155,40329,34524,27748,37788,38178,33772,16424,16424,22235,24159,31668,33107,33810,31089,39371,36440,37808,32683,16424,16424,21839,23941,30960,32814,32032,29628,39408,36707,35652,31411,16424,16424,22382,24171,31761,33126,29750,28243,38739,36103,37779,32520,16424,16424,21867,23941,30825,32814,32137,29333,39363,36719,35443,31399,16424,16424,22261,24171,31884,33126,30172,28241,38661,36098
13,26,26,26,26,26,26,29003,28994,27920,19958,29571,29097,22199,29198,31206,13895,118,25414,0,30872,4436,29165,29224,29267,29260,29075,17688,29131,25192,18426,3944,3944,3944,3944,3944,3944,3944,3944,3752,2756,118,3290,0,3606,1890,3944,3944,3944,3944,3944,3944,3944,3944,3944,10352,10390,10247,10234,10491,10304,10240,10305,9252,4567,118,6785,0,8427,2547,9648,9013,8525,8175,7694,10247,10273,10193,10282,23139,23290,22793,19534,23065,23229,21409,23431,20216,8222,118,13429,0,17534,3634,21542,20294,18851,17639,16854,17352,23134,22475,17925,27459,23701,27576,19958,26786,28651,22070,25909,30739,14200,118,27377,0,31996,4378,26494,26670,26953,27534,27884,17688,28329,25263,18426,31099,30840,29149,20120,30901,30263,22248,30644,28304,11796,118,20132,0,25470,4248,29958,29314,28537,27142,26541,17808,30986,25609,18355,3836,1855,3944,3944,3723,3444,3611,2891,4011,1523,3661,2315,4918,8731,3944,3944,4037,5141,4166,7435,5194,8422,4384,8706,35955,36831,24701,12490,36928,30586,14308,37057,33358,0,9079,118,20006,0,28734,3113,36427,35661,34660,33424,32687,11054,34285,18368,11497,33104,3944,3944,3944,3944,3944,3944,3944,3944,3752,0,2756,118,3290,0,3606,1890,3944,3944,3944,3944,3944,3944,3944,3944,3944,3944,6557,6483,6426,6434,6472,6479,6483,6512,5929,0,3540,118,4715,0,5508,2186,6193,6150,5919,5706,5668,6468,6494,6467,6529,7773,12564,12571,12420,11196,12679,12710,11916,12436,11043,0,5087,118,7690,0,9712,2733,11705,11409,10809,10316,9832,10353,12634,12309,10537,15394,37034,41405,24516,12490,39115,30193,14343,40513,38421,0,9585,118,23773,0,34982,3186,39437,38607,37283,36186,34760,11054,34298,18234,11497,35007,24400,23019,22251,12466,24381,23850,14306,23898,20176,0,7213,118,12604,0,17240,2972,22834,22034,21619,20292,19737,11003,24418,18085,11370,24632,36850,35226,3944,3944,6709,8067,14114,16962,39510,36332,25714,26488,37141,34577,3944,3944,6490,7773,12724,15865,37233,34252,24167,26366,37168,34501,3944,3944,6775,8081,14353,17060,36754,33864,26691,26695,37184,34490,3944,3944,6393,7773,12646,15864,37499,33887,23974,26344,37084,34474,3944,3944,6852,8081,14285,17060,36371,33777,26088,26697
14,40,40,40,40,40,40,30332,31447,20904,8905,30760,25727,10989,31224,27482,5050,18,14523,0,23175,995,30824,30263,29244,28544,27772,7254,28630,15078,7751,466,466,466,466,466,466,466,466,450,352,18,410,0,434,260,466,466,466,466,466,466,466,466,466,2142,2056,2001,2055,2084,2081,2055,2121,1806,798,18,1254,0,1619,413,1872,1741,1648,1563,1446,2043,2079,2047,2023,9088,9079,9104,7366,9215,9231,8398,8922,7412,2128,18,4277,0,6193,727,8101,7496,6752,6142,5666,6282,9190,8863,6766,30180,32817,20881,8905,31709,25180,11088,32437,31124,5209,18,16109,0,26927,1003,31778,31330,30687,29846,28757,7254,28323,15076,7751,21817,20858,19518,9055,21341,21309,11099,21056,17384,3906,18,8932,0,14107,968,20057,19289,18073,17502,16440,7113,22080,15013,7820,430,191,466,466,430,392,413,306,380,174,390,249,590,1309,466,466,467,665,496,1020,624,1246,550,1292,16597,17826,8377,2736,17540,12602,3382,17779,13516,0,1881,18,5779,0,10258,516,16948,16504,15542,14909,14109,2323,15238,4905,2380,14710,466,466,466,466,466,466,466,466,450,0,352,18,410,0,434,260,466,466,466,466,466,466,466,466,466,466,913,918,911,924,917,916,940,925,869,0,490,18,624,0,751,324,877,834,808,793,774,899,930,909,900,1231,2477,2488,2581,2143,2417,2413,2340,2481,2125,0,817,18,1359,0,1823,405,2263,2165,2072,1900,1799,1922,2430,2385,1954,3575,19590,29240,8165,2736,22192,12632,3292,24502,20384,0,2067,18,7714,0,15652,528,23636,22346,20816,19269,17623,2323,16276,4973,2380,16716,7350,6697,6509,2736,7244,7357,3243,7084,5615,0,1349,18,2819,0,4292,514,6488,6288,5877,5576,5415,2356,7414,4821,2352,8155,19357,20688,466,466,974,1312,2915,4171,25569,24649,8552,10234,20345,22301,466,466,905,1231,2528,3773,28339,26534,7341,9963,22515,23246,466,466,964,1315,3150,4282,29905,27574,9482,10959,20266,22353,466,466,963,1231,2544,3774,28301,26552,7523,9958,22679,23255,466,466,951,1315,3135,4282,29873,27549,9186,10960
15,20,20,20,20,20,20,18874,21050,9379,2175,19863,14473,2978,20415,14431,931,0,4557,0,9995,100,19573,18666,17831,16888,16030,1476,17487,5150,1709,16,16,16,16,16,16,16,16,16,14,0,14,0,16,14,16,16,16,16,16,16,16,16,16,143,152,142,148,139,148,148,144,117,50,0,69,0,115,28,117,133,115,125,113,154,157,129,136,1584,1645,1615,1314,1561,1606,1472,1760,1255,240,0,593,0,1003,53,1453,1298,1119,987,885,1101,1651,1570,1198,21895,30735,9391,2175,24256,14385,3099,26721,19363,932,0,5651,0,13387,101,25525,24172,22503,20808,19122,1476,18472,5156,1709,8250,7570,7338,2107,8147,8173,3088,7905,5802,620,0,2115,0,4185,87,7190,6764,6251,5701,5250,1502,8577,4780,1683,11,5,16,16,13,16,24,10,16,7,15,16,17,67,16,16,13,27,16,60,20,62,31,63,2961,3169,1122,237,3052,1969,294,3081,2057,0,162,0,588,0,1454,31,3035,2916,2528,2459,2235,197,2566,523,204,2422,16,16,16,16,16,16,16,16,16,0,14,0,14,0,16,14,16,16,16,16,16,16,16,16,16,16,44,34,38,46,40,43,41,33,35,0,27,0,37,0,42,19,33,47,36,39,28,42,41,52,37,65,166,187,163,152,204,175,156,163,172,0,46,0,97,0,120,25,174,151,149,140,110,123,187,181,164,282,4107,7687,1151,237,5008,2061,290,5724,4178,0,167,0,941,0,2701,29,5404,4856,4479,4018,3448,197,3010,500,204,2912,868,711,709,221,794,800,298,764,596,0,102,0,235,0,478,27,719,684,683,589,547,145,876,480,208,962,3807,4780,16,16,50,65,250,408,6551,6726,1116,1606,4453,5998,16,16,51,65,181,305,9709,9145,925,1438,5777,6994,16,16,53,65,242,416,11113,10503,1277,1827,4553,6191,16,16,45,65,181,305,9638,9739,835,1441,5837,7009,16,16,43,65,276,416,11000,10581,1332,1828
16,124786,124782,124786,124786,124786,124786,4938,5723,1717,162,5296,3206,278,5289,3051,48,0,533,0,1671,3,5038,4737,4517,4093,3788,94,4376,626,101,0,0,0,0,0,0,0,0,0,0,0,0,0,0,0,0,0,0,0,0,0,0,0,0,1,0,1,2,2,1,0,0,1,0,0,0,0,1,1,0,0,0,1,1,0,1,1,0,84,72,87,47,93,78,73,85,53,5,0,29,0,49,4,63,68,43,49,35,49,89,65,54,6877,12769,1674,162,8354,3411,274,9616,5260,52,0,699,0,2603,2,9189,8149,7344,6440,5745,94,5308,644,101,1107,994,951,158,1024,1125,259,1029,644,29,0,168,0,440,1,928,802,769,666,622,92,1091,516,93,0,0,0,0,0,0,0,0,0,0,0,0,0,0,0,0,0,0,1,1,0,0,0,2,111,114,29,7,106,66,9,100,76,125006,4,0,18,0,33,0,124,83,80,94,72,2,100,18,3,96,0,0,0,0,0,0,0,0,0,125002,0,0,0,0,0,0,0,0,0,0,0,0,0,0,0,0,0,0,0,0,0,0,0,0,2,125006,0,0,0,0,0,0,0,0,0,0,0,0,0,0,0,0,5,2,5,4,7,3,1,1,6,125006,2,0,0,0,4,0,0,1,1,1,2,2,2,1,3,9,191,366,25,7,253,72,5,287,159,125006,5,0,27,0,100,1,289,222,181,190,160,2,126,11,3,99,11,14,19,6,16,16,4,13,9,125006,1,0,6,0,13,1,17,19,22,7,13,1,24,10,5,26,155,250,0,0,0,0,3,12,303,399,28,57,210,364,0,0,1,0,2,11,695,722,21,44,291,465,0,0,0,0,4,14,891,947,40,66,212,396,0,0,0,0,3,11,725,877,18,44,295,469,0,0,1,0,4,14,956,995,45,66
